percent,reads_clade,reads_taxon,rank,taxid,name,db_name
89.52,8952,8952,U,0,unclassified,kraken2_basic
10.48,1048,42,,1,root,kraken2_basic
9.56,956,17,1,131567,cellular organisms,kraken2_basic
9.24,924,147,,2,Bacteria,kraken2_basic
3.61,361,24,D1,1783272,Terrabacteria group,kraken2_basic
1.82,182,15,P,1239,Bacillota,kraken2_basic
0.81,81,1,C,91061,Bacilli,kraken2_basic
0.57,57,4,O,1385,Bacillales,kraken2_basic
0.24,24,1,F,186817,Bacillaceae,kraken2_basic
0.14,14,2,G,1386,Bacillus,kraken2_basic
0.08,8,1,G1,86661,Bacillus cereus group,kraken2_basic
0.05,5,5,S,1396,Bacillus cereus,kraken2_basic
0.02,2,2,S,1890302,Bacillus wiedmannii,kraken2_basic
0.02,2,0,G1,185979,unclassified Bacillus (in: firmicutes),kraken2_basic
0.02,2,2,S,3035514,Bacillus sp. HSf4,kraken2_basic
0.01,1,1,S,2672567,Bacillus aquiflavi,kraken2_basic
0.01,1,0,G1,653685,Bacillus subtilis group,kraken2_basic
0.01,1,1,S,1452,Bacillus atrophaeus,kraken2_basic
0.03,3,0,G,2675229,Peribacillus,kraken2_basic
0.02,2,2,S,450367,Peribacillus frigoritolerans,kraken2_basic
0.01,1,0,G1,2675266,unclassified Peribacillus,kraken2_basic
0.01,1,1,S,2975289,Peribacillus sp. FSL E2-0159,kraken2_basic
0.01,1,0,G,2837503,Gottfriedia,kraken2_basic
0.01,1,1,S,371036,Gottfriedia acidiceleris,kraken2_basic
0.01,1,0,G,2675232,Neobacillus,kraken2_basic
0.01,1,0,G1,2675272,unclassified Neobacillus,kraken2_basic
0.01,1,1,S,3070677,Neobacillus sp. PS3-12,kraken2_basic
0.01,1,0,G,2675234,Alkalihalobacillus,kraken2_basic
0.01,1,0,G1,2675276,unclassified Alkalihalobacillus,kraken2_basic
0.01,1,1,S,2924032,Alkalihalobacillus sp. LMS39,kraken2_basic
0.01,1,0,G,400634,Lysinibacillus,kraken2_basic
0.01,1,1,S,436516,Lysinibacillus parviboronicapiens,kraken2_basic
0.01,1,0,G,2837511,Sutcliffiella,kraken2_basic
0.01,1,1,S,33932,Sutcliffiella cohnii,kraken2_basic
0.01,1,0,G,2837506,Niallia,kraken2_basic
0.01,1,1,S,1397,Niallia circulans,kraken2_basic
0.2,20,0,F,90964,Staphylococcaceae,kraken2_basic
0.17,17,2,G,1279,Staphylococcus,kraken2_basic
0.06,6,5,S,1280,Staphylococcus aureus,kraken2_basic
0.01,1,1,S1,273036,Staphylococcus aureus RF122,kraken2_basic
0.02,2,2,S,1282,Staphylococcus epidermidis,kraken2_basic
0.01,1,1,S,586733,Staphylococcus devriesei,kraken2_basic
0.01,1,1,S,46127,Staphylococcus felis,kraken2_basic
0.01,1,1,S,33028,Staphylococcus saccharolyticus,kraken2_basic
0.01,1,1,S,29388,Staphylococcus capitis,kraken2_basic
0.01,1,1,S,29382,Staphylococcus cohnii,kraken2_basic
0.01,1,0,G1,2815305,Staphylococcus intermedius group,kraken2_basic
0.01,1,1,S,283734,Staphylococcus pseudintermedius,kraken2_basic
0.01,1,1,S,1290,Staphylococcus hominis,kraken2_basic
0.02,2,0,G,2803850,Mammaliicoccus,kraken2_basic
0.02,2,2,S,1296,Mammaliicoccus sciuri,kraken2_basic
0.01,1,0,G,69965,Macrococcus,kraken2_basic
0.01,1,1,S,2875764,Macrococcus armenti,kraken2_basic
0.04,4,0,F,186822,Paenibacillaceae,kraken2_basic
0.04,4,0,G,44249,Paenibacillus,kraken2_basic
0.01,1,1,S,539262,Paenibacillus hunanensis,kraken2_basic
0.01,1,0,G1,185978,unclassified Paenibacillus,kraken2_basic
0.01,1,1,S,2921443,Paenibacillus sp. FSL H7-0940,kraken2_basic
0.01,1,1,S,1763538,Paenibacillus crassostreae,kraken2_basic
0.01,1,0,S,365617,Paenibacillus sabinae,kraken2_basic
0.01,1,1,S1,1268072,Paenibacillus sabinae T27,kraken2_basic
0.03,3,0,F,186818,Planococcaceae,kraken2_basic
0.01,1,0,G,1372,Planococcus,kraken2_basic
0.01,1,1,S,1374,Planococcus kocurii,kraken2_basic
0.01,1,0,G,1649,Kurthia,kraken2_basic
0.01,1,1,S,1650,Kurthia zopfii,kraken2_basic
0.01,1,1,G,648802,Rummeliibacillus,kraken2_basic
0.02,2,0,F,539738,Gemellaceae,kraken2_basic
0.02,2,0,G,1378,Gemella,kraken2_basic
0.02,2,1,G1,2624949,unclassified Gemella,kraken2_basic
0.01,1,1,S,2840371,Gemella sp. zg-570,kraken2_basic
0.23,23,0,O,186826,Lactobacillales,kraken2_basic
0.12,12,0,F,1300,Streptococcaceae,kraken2_basic
0.11,11,1,G,1301,Streptococcus,kraken2_basic
0.03,3,3,S,1307,Streptococcus suis,kraken2_basic
0.02,2,2,S,1335,Streptococcus equinus,kraken2_basic
0.01,1,1,S,1313,Streptococcus pneumoniae,kraken2_basic
0.01,1,1,S,1501662,Streptococcus parasuis,kraken2_basic
0.01,1,0,G1,671232,Streptococcus anginosus group,kraken2_basic
0.01,1,0,S,1328,Streptococcus anginosus,kraken2_basic
0.01,1,1,S1,862970,Streptococcus anginosus C1051,kraken2_basic
0.01,1,0,S,257758,Streptococcus pseudopneumoniae,kraken2_basic
0.01,1,1,S1,1054460,Streptococcus pseudopneumoniae IS7493,kraken2_basic
0.01,1,0,G1,119603,Streptococcus dysgalactiae group,kraken2_basic
0.01,1,0,S,1334,Streptococcus dysgalactiae,kraken2_basic
0.01,1,0,S1,119602,Streptococcus dysgalactiae subsp. equisimilis,kraken2_basic
0.01,1,1,S2,759913,Streptococcus dysgalactiae subsp. equisimilis AC-2713,kraken2_basic
0.01,1,0,G,1357,Lactococcus,kraken2_basic
0.01,1,1,S,2419773,Lactococcus allomyrinae,kraken2_basic
0.05,5,0,F,33958,Lactobacillaceae,kraken2_basic
0.01,1,0,G,1578,Lactobacillus,kraken2_basic
0.01,1,1,S,1218494,Lactobacillus helsingborgensis,kraken2_basic
0.01,1,0,G,2978367,Nicoliella,kraken2_basic
0.01,1,1,S,2925830,Nicoliella spurrieriana,kraken2_basic
0.01,1,1,G,2759736,Lacticaseibacillus,kraken2_basic
0.01,1,0,G,2767842,Lactiplantibacillus,kraken2_basic
0.01,1,1,S,1590,Lactiplantibacillus plantarum,kraken2_basic
0.01,1,0,G,2767877,Apilactobacillus,kraken2_basic
0.01,1,1,S,2419772,Apilactobacillus bombintestini,kraken2_basic
0.04,4,0,F,81852,Enterococcaceae,kraken2_basic
0.02,2,0,G,1350,Enterococcus,kraken2_basic
0.02,2,2,S,1352,Enterococcus faecium,kraken2_basic
0.02,2,0,G,2737,Vagococcus,kraken2_basic
0.02,2,0,G1,2648499,unclassified Vagococcus,kraken2_basic
0.02,2,2,S,3109030,Vagococcus sp. B2T-5,kraken2_basic
0.01,1,0,F,186827,Aerococcaceae,kraken2_basic
0.01,1,0,G,66831,Facklamia,kraken2_basic
0.01,1,1,S,178214,Facklamia hominis,kraken2_basic
0.01,1,0,F,186828,Carnobacteriaceae,kraken2_basic
0.01,1,0,G,2747,Carnobacterium,kraken2_basic
0.01,1,1,S,2751,Carnobacterium maltaromaticum,kraken2_basic
0.7,70,1,C,186801,Clostridia,kraken2_basic
0.51,51,0,O,186802,Eubacteriales,kraken2_basic
0.46,46,1,F,31979,Clostridiaceae,kraken2_basic
0.42,42,4,G,1485,Clostridium,kraken2_basic
0.07,7,7,S,1491,Clostridium botulinum,kraken2_basic
0.07,7,0,G1,2614128,unclassified Clostridium,kraken2_basic
0.02,2,2,S,2483110,Clostridium sp. JN-1,kraken2_basic
0.01,1,1,S,3070996,Clostridium sp. MB40-C1,kraken2_basic
0.01,1,1,S,3064705,Clostridium sp. JS66,kraken2_basic
0.01,1,1,S,1970093,Clostridium sp. 001,kraken2_basic
0.01,1,1,S,2507159,Clostridium sp. JN-9,kraken2_basic
0.01,1,1,S,97138,Clostridium sp. MD294,kraken2_basic
0.07,7,7,S,238834,Clostridium estertheticum,kraken2_basic
0.04,4,3,S,1502,Clostridium perfringens,kraken2_basic
0.01,1,1,S1,107819,Clostridium perfringens D,kraken2_basic
0.02,2,2,S,2068654,Clostridium fermenticellae,kraken2_basic
0.01,1,0,S,217159,Clostridium carboxidivorans,kraken2_basic
0.01,1,1,S1,536227,Clostridium carboxidivorans P7,kraken2_basic
0.01,1,1,S,1492,Clostridium butyricum,kraken2_basic
0.01,1,1,S,1561,Clostridium baratii,kraken2_basic
0.01,1,1,S,36745,Clostridium saccharoperbutylacetonicum,kraken2_basic
0.01,1,0,S,1542,Clostridium novyi,kraken2_basic
0.01,1,1,S1,386415,Clostridium novyi NT,kraken2_basic
0.01,1,1,S,1534,Clostridium kluyveri,kraken2_basic
0.01,1,0,S,1493,Clostridium cellulovorans,kraken2_basic
0.01,1,1,S1,573061,Clostridium cellulovorans 743B,kraken2_basic
0.01,1,1,S,1520,Clostridium beijerinckii,kraken2_basic
0.01,1,1,S,1513,Clostridium tetani,kraken2_basic
0.01,1,1,S,169679,Clostridium saccharobutylicum,kraken2_basic
0.01,1,1,S,2320868,Clostridium manihotivorum,kraken2_basic
0.02,2,0,G,1266,Sarcina,kraken2_basic
0.02,2,0,G1,2619470,unclassified Sarcina,kraken2_basic
0.02,2,2,S,2726954,Sarcina sp. JB2,kraken2_basic
0.01,1,0,G,49082,Candidatus Arthromitus,kraken2_basic
0.01,1,0,G1,2638829,unclassified Candidatus Arthromitus,kraken2_basic
0.01,1,0,S,49118,Candidatus Arthromitus sp. SFB-mouse,kraken2_basic
0.01,1,1,S1,1029718,Candidatus Arthromitus sp. SFB-mouse-Japan,kraken2_basic
0.03,3,0,F,216572,Oscillospiraceae,kraken2_basic
0.03,3,0,G,35829,Acetivibrio,kraken2_basic
0.02,2,0,S,1515,Acetivibrio thermocellus,kraken2_basic
0.01,1,1,S1,203119,Acetivibrio thermocellus ATCC 27405,kraken2_basic
0.01,1,1,S1,572545,Acetivibrio thermocellus DSM 2360,kraken2_basic
0.01,1,1,S,1677857,Acetivibrio saccincola,kraken2_basic
0.01,1,1,F,3082771,Acutalibacteraceae,kraken2_basic
0.01,1,0,F,186806,Eubacteriaceae,kraken2_basic
0.01,1,0,G,1730,Eubacterium,kraken2_basic
0.01,1,1,S,2041044,Eubacterium maltosivorans,kraken2_basic
0.09,9,1,O,3082720,Peptostreptococcales,kraken2_basic
0.07,7,0,F,186804,Peptostreptococcaceae,kraken2_basic
0.02,2,0,G,1505652,Terrisporobacter,kraken2_basic
0.02,2,2,S,2813371,Terrisporobacter hibernicus,kraken2_basic
0.02,2,0,G,1870884,Clostridioides,kraken2_basic
0.02,2,2,S,1496,Clostridioides difficile,kraken2_basic
0.01,1,0,G,1257,Peptostreptococcus,kraken2_basic
0.01,1,1,S,3003601,Peptostreptococcus equinus,kraken2_basic
0.01,1,0,G,1505657,Intestinibacter,kraken2_basic
0.01,1,1,S,261299,Intestinibacter bartlettii,kraken2_basic
0.01,1,0,G,1849822,Paraclostridium,kraken2_basic
0.01,1,1,S,1505,Paraclostridium sordellii,kraken2_basic
0.01,1,0,F,3118654,Caminicellaceae,kraken2_basic
0.01,1,0,G,166484,Caminicella,kraken2_basic
0.01,1,1,S,166485,Caminicella sporogenes,kraken2_basic
0.06,6,0,O,3085636,Lachnospirales,kraken2_basic
0.06,6,0,F,186803,Lachnospiraceae,kraken2_basic
0.01,1,0,G,33042,Coprococcus,kraken2_basic
0.01,1,1,S,410072,Coprococcus comes,kraken2_basic
0.01,1,0,G,2719313,Enterocloster,kraken2_basic
0.01,1,1,S,208479,Enterocloster bolteae,kraken2_basic
0.01,1,0,G,2997360,Anaeropeptidivorans,kraken2_basic
0.01,1,1,S,2934315,Anaeropeptidivorans aminofermentans,kraken2_basic
0.01,1,0,G,572511,Blautia,kraken2_basic
0.01,1,0,S,40520,Blautia obeum,kraken2_basic
0.01,1,1,S1,411459,Blautia obeum ATCC 29174,kraken2_basic
0.01,1,0,G,1164882,Lachnoanaerobaculum,kraken2_basic
0.01,1,1,S,2490855,Lachnoanaerobaculum gingivalis,kraken2_basic
0.01,1,0,G,1506577,Tyzzerella,kraken2_basic
0.01,1,1,S,36835,[Clostridium] colinum,kraken2_basic
0.02,2,0,O,53433,Halanaerobiales,kraken2_basic
0.01,1,0,F,972,Halanaerobiaceae,kraken2_basic
0.01,1,0,G,2330,Halanaerobium,kraken2_basic
0.01,1,1,S,656519,Halanaerobium hydrogeniformans,kraken2_basic
0.01,1,0,O1,387655,Halanaerobiales incertae sedis,kraken2_basic
0.01,1,0,G,1769008,Anoxybacter,kraken2_basic
0.01,1,1,S,1323375,Anoxybacter fermentans,kraken2_basic
0.01,1,0,O,2770089,Thermosediminibacterales,kraken2_basic
0.01,1,0,F,2770092,Tepidanaerobacteraceae,kraken2_basic
0.01,1,0,G,499228,Tepidanaerobacter,kraken2_basic
0.01,1,0,S,499229,Tepidanaerobacter acetatoxydans,kraken2_basic
0.01,1,1,S1,1209989,Tepidanaerobacter acetatoxydans Re1,kraken2_basic
0.1,10,0,C,1737404,Tissierellia,kraken2_basic
0.07,7,0,O,1737405,Tissierellales,kraken2_basic
0.04,4,0,F,1570339,Peptoniphilaceae,kraken2_basic
0.03,3,0,G,543311,Parvimonas,kraken2_basic
0.03,3,3,S,33033,Parvimonas micra,kraken2_basic
0.01,1,0,G,2126548,Miniphocaeibacter,kraken2_basic
0.01,1,1,S,2931922,Miniphocaeibacter halophilus,kraken2_basic
0.02,2,0,F,1737406,Tissierellaceae,kraken2_basic
0.02,2,0,G,41273,Tissierella,kraken2_basic
0.02,2,0,G1,2638726,unclassified Tissierella,kraken2_basic
0.02,2,2,S,3070999,Tissierella sp. MB52-C2,kraken2_basic
0.01,1,0,F,2992717,Acidilutibacteraceae,kraken2_basic
0.01,1,0,G,2992720,Acidilutibacter,kraken2_basic
0.01,1,1,S,2507161,Acidilutibacter cellobiosedens,kraken2_basic
0.03,3,0,C1,1737407,Tissierellia incertae sedis,kraken2_basic
0.03,3,0,G,190972,Sedimentibacter,kraken2_basic
0.03,3,0,G1,2649220,unclassified Sedimentibacter,kraken2_basic
0.02,2,2,S,2816908,Sedimentibacter sp. zth1,kraken2_basic
0.01,1,1,S,3109366,Sedimentibacter sp. MB31-C6,kraken2_basic
0.04,4,0,C,526524,Erysipelotrichia,kraken2_basic
0.04,4,0,O,526525,Erysipelotrichales,kraken2_basic
0.03,3,0,F,2810280,Coprobacillaceae,kraken2_basic
0.02,2,0,G,135858,Catenibacterium,kraken2_basic
0.02,2,2,S,100886,Catenibacterium mitsuokai,kraken2_basic
0.01,1,0,G,2678885,Faecalibacillus,kraken2_basic
0.01,1,1,S,1982626,Faecalibacillus intestinalis,kraken2_basic
0.01,1,0,F,128827,Erysipelotrichaceae,kraken2_basic
0.01,1,0,G,2749267,Amedibacterium,kraken2_basic
0.01,1,1,S,2583452,Amedibacterium intestinale,kraken2_basic
0.02,2,0,C,909932,Negativicutes,kraken2_basic
0.02,2,0,O,909929,Selenomonadales,kraken2_basic
0.01,1,0,F,1843490,Sporomusaceae,kraken2_basic
0.01,1,0,G,365348,Pelosinus,kraken2_basic
0.01,1,0,G1,2629460,unclassified Pelosinus,kraken2_basic
0.01,1,1,S,484770,Pelosinus sp. UFO1,kraken2_basic
0.01,1,0,F,1843491,Selenomonadaceae,kraken2_basic
0.01,1,0,G,158846,Megamonas,kraken2_basic
0.01,1,1,S,437897,Megamonas funiformis,kraken2_basic
0.72,72,3,P,544448,Mycoplasmatota,kraken2_basic
0.36,36,1,C,31969,Mollicutes,kraken2_basic
0.22,22,0,O,186328,Entomoplasmatales,kraken2_basic
0.21,21,0,F,2131,Spiroplasmataceae,kraken2_basic
0.21,21,1,G,2132,Spiroplasma,kraken2_basic
0.07,7,1,G1,2637901,unclassified Spiroplasma,kraken2_basic
0.01,1,1,S,3077930,Spiroplasma endosymbiont of Agriotes lineatus,kraken2_basic
0.01,1,1,S,3066296,Spiroplasma endosymbiont of Tricholauxania praeusta,kraken2_basic
0.01,1,1,S,3066293,Spiroplasma endosymbiont of Villa modesta,kraken2_basic
0.01,1,1,S,3066282,Spiroplasma endosymbiont of Clivina fossor,kraken2_basic
0.01,1,1,S,3066319,Spiroplasma endosymbiont of Lasioglossum malachurum,kraken2_basic
0.01,1,1,S,3066321,Spiroplasma endosymbiont of Seladonia tumulorum,kraken2_basic
0.04,4,4,S,2133,Spiroplasma citri,kraken2_basic
0.02,2,0,S,301585,Spiroplasma platyhelix,kraken2_basic
0.02,2,2,S1,1276218,Spiroplasma platyhelix PALS-1,kraken2_basic
0.02,2,2,S,324079,Spiroplasma tabanidicola,kraken2_basic
0.01,1,1,S,2138,Spiroplasma poulsonii,kraken2_basic
0.01,1,1,S,2143,Spiroplasma gladiatoris,kraken2_basic
0.01,1,1,S,315358,Spiroplasma eriocheiris,kraken2_basic
0.01,1,1,S,216932,Spiroplasma chinense,kraken2_basic
0.01,1,0,S,216937,Spiroplasma floricola,kraken2_basic
0.01,1,1,S1,1336749,Spiroplasma floricola 23-6,kraken2_basic
0.01,1,0,F,33925,Entomoplasmataceae,kraken2_basic
0.01,1,0,G,46239,Mesoplasma,kraken2_basic
0.01,1,1,S,81459,Mesoplasma melaleucae,kraken2_basic
0.09,9,0,O,2085,Mycoplasmatales,kraken2_basic
0.09,9,0,F,2092,Mycoplasmataceae,kraken2_basic
0.09,9,0,G,2093,Mycoplasma,kraken2_basic
0.04,4,0,G1,2683645,unclassified Mycoplasma,kraken2_basic
0.02,2,2,S,2967301,Mycoplasma sp. 2045,kraken2_basic
0.01,1,1,S,353851,Mycoplasma sp. Ms02,kraken2_basic
0.01,1,1,S,2683967,Mycoplasma sp. NEAQ87857,kraken2_basic
0.04,4,0,G1,656088,Mycoplasma mycoides group,kraken2_basic
0.03,3,0,S,2102,Mycoplasma mycoides,kraken2_basic
0.03,3,3,S1,40477,Mycoplasma mycoides subsp. capri,kraken2_basic
0.01,1,0,S,2095,Mycoplasma capricolum,kraken2_basic
0.01,1,0,S1,40479,Mycoplasma capricolum subsp. capricolum,kraken2_basic
0.01,1,1,S2,340047,Mycoplasma capricolum subsp. capricolum ATCC 27343,kraken2_basic
0.01,1,0,S,51365,Mycoplasma yeatsii,kraken2_basic
0.01,1,1,S1,743967,Mycoplasma yeatsii GM274B,kraken2_basic
0.04,4,0,O,186329,Acholeplasmatales,kraken2_basic
0.04,4,0,F,2146,Acholeplasmataceae,kraken2_basic
0.04,4,0,G,33926,Candidatus Phytoplasma,kraken2_basic
0.01,1,0,G1,85625,16SrV (Elm yellows group),kraken2_basic
0.01,1,1,S,399025,Candidatus Phytoplasma rubi,kraken2_basic
0.01,1,0,G1,85630,16SrX (Apple proliferation group),kraken2_basic
0.01,1,1,S,37692,Candidatus Phytoplasma mali,kraken2_basic
0.01,1,0,G1,3042590,16SrI (Aster yellows group),kraken2_basic
0.01,1,1,S,85620,Candidatus Phytoplasma asteris,kraken2_basic
0.01,1,0,G1,3098986,unclassified Candidatus Phytoplasma,kraken2_basic
0.01,1,1,S,2155,Phytoplasma sp.,kraken2_basic
0.32,32,0,O,2790996,Mycoplasmoidales,kraken2_basic
0.31,31,0,F,2895623,Metamycoplasmataceae,kraken2_basic
0.15,15,1,G,2767358,Mycoplasmopsis,kraken2_basic
0.03,3,3,S,171281,Mycoplasmopsis citelli,kraken2_basic
0.02,2,2,S,2109,Mycoplasmopsis synoviae,kraken2_basic
0.02,2,2,S,29561,Mycoplasmopsis meleagridis,kraken2_basic
0.01,1,1,S,114880,Mycoplasmopsis columbinasalis,kraken2_basic
0.01,1,1,S,55603,Mycoplasmopsis caviae,kraken2_basic
0.01,1,1,S,171284,Mycoplasmopsis cynos,kraken2_basic
0.01,1,1,S,171279,Mycoplasmopsis anatis,kraken2_basic
0.01,1,1,S,29553,Mycoplasmopsis bovirhinis,kraken2_basic
0.01,1,1,S,2094,Mycoplasmopsis arginini,kraken2_basic
0.01,1,1,S,33923,Mycoplasmopsis felis,kraken2_basic
0.13,13,2,G,2923352,Mesomycoplasma,kraken2_basic
0.04,4,4,S,29562,Mesomycoplasma ovipneumoniae,kraken2_basic
0.02,2,1,S,2099,Mesomycoplasma hyopneumoniae,kraken2_basic
0.01,1,1,S1,262719,Mesomycoplasma hyopneumoniae J,kraken2_basic
0.01,1,1,S,2100,Mesomycoplasma hyorhinis,kraken2_basic
0.01,1,1,S,2120,Mesomycoplasma neurolyticum,kraken2_basic
0.01,1,1,S,86660,Mesomycoplasma dispar,kraken2_basic
0.01,1,1,S,171286,Mesomycoplasma lagogenitalium,kraken2_basic
0.01,1,1,S,171288,Mesomycoplasma molare,kraken2_basic
0.03,3,0,G,2895509,Metamycoplasma,kraken2_basic
0.01,1,1,S,2098,Metamycoplasma hominis,kraken2_basic
0.01,1,1,S,29554,Metamycoplasma canadense,kraken2_basic
0.01,1,1,S,92402,Metamycoplasma equirhinis,kraken2_basic
0.01,1,0,F,2790998,Mycoplasmoidaceae,kraken2_basic
0.01,1,0,G,2791001,Malacoplasma,kraken2_basic
0.01,1,1,S,2116,Malacoplasma iowae,kraken2_basic
0.01,1,0,C,1912503,Candidatus Izimaplasma,kraken2_basic
0.01,1,0,O,2975519,Candidatus Izemoplasmatales,kraken2_basic
0.01,1,0,F,3078170,Hujiaoplasmataceae,kraken2_basic
0.01,1,0,G,3078171,Hujiaoplasma,kraken2_basic
0.01,1,1,S,2725268,Hujiaoplasma nucleasis,kraken2_basic
0.66,66,0,P,201174,Actinomycetota,kraken2_basic
0.66,66,0,C,1760,Actinomycetes,kraken2_basic
0.65,65,0,O,85011,Kitasatosporales,kraken2_basic
0.65,65,0,F,2062,Streptomycetaceae,kraken2_basic
0.65,65,0,G,1883,Streptomyces,kraken2_basic
0.65,65,0,G1,2593676,unclassified Streptomyces,kraken2_basic
0.58,58,58,S,3129111,Streptomyces sp. TG1A-60,kraken2_basic
0.03,3,3,S,2996051,Streptomyces sp. NA13,kraken2_basic
0.02,2,2,S,477697,Streptomyces sp. T12,kraken2_basic
0.01,1,1,S,1821625,Streptomyces sp. VN1,kraken2_basic
0.01,1,1,S,2975688,Streptomyces sp. NBC_00243,kraken2_basic
0.01,1,0,O,85006,Micrococcales,kraken2_basic
0.01,1,0,F,85016,Cellulomonadaceae,kraken2_basic
0.01,1,0,G,1707,Cellulomonas,kraken2_basic
0.01,1,0,G1,2620175,unclassified Cellulomonas,kraken2_basic
0.01,1,1,S,2973977,Cellulomonas sp. NS3,kraken2_basic
0.16,16,0,D2,1798711,Cyanobacteriota/Melainabacteria group,kraken2_basic
0.16,16,0,P,1117,Cyanobacteriota,kraken2_basic
0.15,15,0,C,3028117,Cyanophyceae,kraken2_basic
0.07,7,0,O,1161,Nostocales,kraken2_basic
0.03,3,0,F,1162,Nostocaceae,kraken2_basic
0.02,2,0,G,1177,Nostoc,kraken2_basic
0.01,1,0,S,1178,Nostoc commune,kraken2_basic
0.01,1,1,S1,449208,Nostoc cf. commune SO-36,kraken2_basic
0.01,1,0,G1,2593658,unclassified Nostoc,kraken2_basic
0.01,1,1,S,103690,Nostoc sp. PCC 7120 = FACHB-418,kraken2_basic
0.01,1,0,G,98443,Richelia,kraken2_basic
0.01,1,0,S,1357545,Richelia sinica,kraken2_basic
0.01,1,1,S1,1357546,Richelia sinica FACHB-800,kraken2_basic
0.03,3,0,F,119859,Tolypothrichaceae,kraken2_basic
0.03,3,0,G,111782,Tolypothrix,kraken2_basic
0.03,3,0,G1,2649714,unclassified Tolypothrix,kraken2_basic
0.03,3,3,S,2099387,Tolypothrix sp. PCC 7910,kraken2_basic
0.01,1,0,F,2661849,Calotrichaceae,kraken2_basic
0.01,1,0,G,1186,Calothrix,kraken2_basic
0.01,1,0,G1,2619626,unclassified Calothrix,kraken2_basic
0.01,1,1,S,1170562,Calothrix sp. PCC 6303,kraken2_basic
0.05,5,0,C1,1301283,Oscillatoriophycideae,kraken2_basic
0.04,4,0,O,1118,Chroococcales,kraken2_basic
0.03,3,0,F,1890449,Microcystaceae,kraken2_basic
0.03,3,0,G,1125,Microcystis,kraken2_basic
0.03,3,0,S,1126,Microcystis aeruginosa,kraken2_basic
0.03,3,3,S1,3113711,Microcystis aeruginosa 1339,kraken2_basic
0.01,1,0,F,1890450,Aphanothecaceae,kraken2_basic
0.01,1,0,G,28070,Gloeothece,kraken2_basic
0.01,1,0,S,2546356,Gloeothece citriformis,kraken2_basic
0.01,1,1,S1,65393,Gloeothece citriformis PCC 7424,kraken2_basic
0.01,1,0,O,1150,Oscillatoriales,kraken2_basic
0.01,1,1,F,1892254,Oscillatoriaceae,kraken2_basic
0.01,1,1,O,307595,Gloeobacterales,kraken2_basic
0.01,1,0,O,3079744,Acaryochloridales,kraken2_basic
0.01,1,0,F,1890429,Acaryochloridaceae,kraken2_basic
0.01,1,0,G,155977,Acaryochloris,kraken2_basic
0.01,1,1,S,155978,Acaryochloris marina,kraken2_basic
0.01,1,0,O,3079749,Leptolyngbyales,kraken2_basic
0.01,1,0,F,1890438,Leptolyngbyaceae,kraken2_basic
0.01,1,0,F1,3081713,Leptolyngbya group,kraken2_basic
0.01,1,0,G,47251,Leptolyngbya,kraken2_basic
0.01,1,1,S,1184,Leptolyngbya boryana,kraken2_basic
0.01,1,0,P1,1983111,unclassified Cyanobacteriota,kraken2_basic
0.01,1,0,S,718217,cyanobacterium endosymbiont of Epithemia turgida,kraken2_basic
0.01,1,1,S1,1228987,cyanobacterium endosymbiont of Epithemia turgida isolate EtSB Lake Yunoko,kraken2_basic
0.01,1,0,P,200795,Chloroflexota,kraken2_basic
0.01,1,0,C,292625,Anaerolineae,kraken2_basic
0.01,1,0,O,292629,Anaerolineales,kraken2_basic
0.01,1,0,F,292628,Anaerolineaceae,kraken2_basic
0.01,1,0,G,2019482,Brevefilum,kraken2_basic
0.01,1,1,S,1986204,Brevefilum fermentans,kraken2_basic
2.63,263,12,P,1224,Pseudomonadota,kraken2_basic
1.81,181,15,C,1236,Gammaproteobacteria,kraken2_basic
1.06,106,11,O,91347,Enterobacterales,kraken2_basic
0.38,38,1,F,543,Enterobacteriaceae,kraken2_basic
0.13,13,1,G,561,Escherichia,kraken2_basic
0.12,12,12,S,562,Escherichia coli,kraken2_basic
0.1,10,0,F1,191675,Enterobacteriaceae incertae sedis,kraken2_basic
0.1,10,0,F2,84563,"ant, tsetse, mealybug, aphid, etc. endosymbionts",kraken2_basic
0.05,5,0,F3,84564,ant endosymbionts,kraken2_basic
0.04,4,0,G,203804,Candidatus Blochmanniella,kraken2_basic
0.03,3,0,G1,711328,unclassified Candidatus Blochmanniella,kraken2_basic
0.02,2,2,S,3118169,Candidatus Blochmannia sp. SNP,kraken2_basic
0.01,1,1,S,1505597,Blochmannia endosymbiont of Camponotus (Colobopsis) obliquus,kraken2_basic
0.01,1,1,S,108080,Candidatus Blochmanniella camponoti,kraken2_basic
0.01,1,0,G,1699619,Candidatus Westeberhardia,kraken2_basic
0.01,1,1,S,1594731,Candidatus Westeberhardia cardiocondylae,kraken2_basic
0.03,3,0,G,472825,Candidatus Purcelliella,kraken2_basic
0.03,3,3,S,472834,Candidatus Purcelliella pentastirinorum,kraken2_basic
0.01,1,0,F3,146507,aphid secondary symbionts,kraken2_basic
0.01,1,1,S,134287,secondary endosymbiont of Heteropsylla cubana,kraken2_basic
0.01,1,0,G,1682492,Candidatus Tachikawaea,kraken2_basic
0.01,1,1,S,1410383,Candidatus Tachikawaea gelatinosa,kraken2_basic
0.07,7,0,F1,2890311,Klebsiella/Raoultella group,kraken2_basic
0.07,7,0,G,570,Klebsiella,kraken2_basic
0.07,7,7,S,1463165,Klebsiella quasipneumoniae,kraken2_basic
0.02,2,0,G,1177214,Candidatus Profftia,kraken2_basic
0.01,1,1,S,1987921,Candidatus Profftia lariciata,kraken2_basic
0.01,1,0,G1,2735709,unclassified Candidatus Profftia,kraken2_basic
0.01,1,1,S,2864218,Candidatus Profftia sp. (ex Adelges kitamiensis),kraken2_basic
0.01,1,0,F1,36866,unclassified Enterobacteriaceae,kraken2_basic
0.01,1,1,S,2675795,Enterobacteriaceae endosymbiont of Plateumaris pusilla,kraken2_basic
0.01,1,1,G,544,Citrobacter,kraken2_basic
0.01,1,0,G,1330547,Kosakonia,kraken2_basic
0.01,1,0,G1,2632876,unclassified Kosakonia,kraken2_basic
0.01,1,1,S,3139408,Kosakonia sp. BYX6,kraken2_basic
0.01,1,0,G,409304,Candidatus Ishikawella,kraken2_basic
0.01,1,0,S,168169,Candidatus Ishikawella capsulata,kraken2_basic
0.01,1,1,S1,476281,Candidatus Ishikawaella capsulata Mpkobe,kraken2_basic
0.01,1,0,G,590,Salmonella,kraken2_basic
0.01,1,1,S,28901,Salmonella enterica,kraken2_basic
0.38,38,0,F,1903409,Erwiniaceae,kraken2_basic
0.3,30,0,G,32199,Buchnera,kraken2_basic
0.3,30,1,S,9,Buchnera aphidicola,kraken2_basic
0.05,5,5,S1,2027478,Buchnera aphidicola (Periphyllus acericola),kraken2_basic
0.03,3,3,S1,98804,Buchnera aphidicola (Tuberolachnus salignus),kraken2_basic
0.03,3,3,S1,2709429,Buchnera aphidicola (Periphyllus lyropictus),kraken2_basic
0.02,2,2,S1,2994482,Buchnera aphidicola (Drepanosiphum platanoidis),kraken2_basic
0.02,2,2,S1,2911030,Buchnera aphidicola (Sipha maydis),kraken2_basic
0.02,2,2,S1,1241884,Buchnera aphidicola (Therioaphis trifolii),kraken2_basic
0.02,2,2,S1,655384,Buchnera aphidicola (Cinara pseudotaxifoliae),kraken2_basic
0.02,2,0,S1,261318,Buchnera aphidicola (Cinara cedri),kraken2_basic
0.02,2,2,S2,372461,Buchnera aphidicola BCc,kraken2_basic
0.01,1,0,S1,668607,Buchnera aphidicola (Acyrthosiphon kondoi),kraken2_basic
0.01,1,1,S2,1005090,Buchnera aphidicola str. Ak (Acyrthosiphon kondoi),kraken2_basic
0.01,1,1,S1,1507522,Buchnera aphidicola (Macrosiphum euphorbiae),kraken2_basic
0.01,1,1,S1,571428,Buchnera aphidicola (Sitobion avenae),kraken2_basic
0.01,1,0,S1,135842,Buchnera aphidicola (Baizongia pistaciae),kraken2_basic
0.01,1,1,S2,224915,Buchnera aphidicola str. Bp (Baizongia pistaciae),kraken2_basic
0.01,1,1,S1,118118,Buchnera aphidicola (Uroleucon sonchi),kraken2_basic
0.01,1,0,S1,118117,Buchnera aphidicola (Uroleucon ambrosiae),kraken2_basic
0.01,1,1,S2,1005057,Buchnera aphidicola str. Ua (Uroleucon ambrosiae),kraken2_basic
0.01,1,1,S1,118110,Buchnera aphidicola (Schlechtendalia chinensis),kraken2_basic
0.01,1,1,S1,118109,Buchnera aphidicola (Rhopalosiphum maidis),kraken2_basic
0.06,6,0,G,551,Erwinia,kraken2_basic
0.06,6,6,S,1922217,Candidatus Erwinia haradaeae,kraken2_basic
0.01,1,0,G,53335,Pantoea,kraken2_basic
0.01,1,0,G1,2630326,unclassified Pantoea,kraken2_basic
0.01,1,1,S,2654189,Pantoea sp. JZ2,kraken2_basic
0.01,1,0,G,2100764,Mixta,kraken2_basic
0.01,1,1,S,665913,Mixta calida,kraken2_basic
0.15,15,0,F,1903414,Morganellaceae,kraken2_basic
0.08,8,0,G,637,Arsenophonus,kraken2_basic
0.04,4,4,S,638,Arsenophonus nasoniae,kraken2_basic
0.02,2,2,S,634113,Candidatus Arsenophonus lipoptenae,kraken2_basic
0.02,2,1,G1,2627083,unclassified Arsenophonus,kraken2_basic
0.01,1,1,S,235559,Arsenophonus endosymbiont of Aleurodicus dispersus,kraken2_basic
0.04,4,0,G,583,Proteus,kraken2_basic
0.02,2,1,S,584,Proteus mirabilis,kraken2_basic
0.01,1,1,S1,1266738,Proteus mirabilis BB2000,kraken2_basic
0.02,2,2,S,102862,Proteus penneri,kraken2_basic
0.03,3,1,G,586,Providencia,kraken2_basic
0.01,1,1,S,587,Providencia rettgeri,kraken2_basic
0.01,1,1,S,1715285,Candidatus Providencia siddallii,kraken2_basic
0.03,3,0,F,1903410,Pectobacteriaceae,kraken2_basic
0.02,2,1,G,122277,Pectobacterium,kraken2_basic
0.01,1,1,S,2488639,Pectobacterium versatile,kraken2_basic
0.01,1,0,G,204037,Dickeya,kraken2_basic
0.01,1,1,S,1089444,Dickeya solani,kraken2_basic
0.01,1,0,F,1903416,Budviciaceae,kraken2_basic
0.01,1,0,G,82984,Pragia,kraken2_basic
0.01,1,1,S,82985,Pragia fontium,kraken2_basic
0.17,17,0,O,135619,Oceanospirillales,kraken2_basic
0.16,16,0,F,28256,Halomonadaceae,kraken2_basic
0.16,16,0,F1,114403,Zymobacter group,kraken2_basic
0.14,14,0,G,114185,Candidatus Carsonella,kraken2_basic
0.14,14,7,S,114186,Candidatus Carsonella ruddii,kraken2_basic
0.02,2,0,S1,134277,primary endosymbiont of Heteropsylla cubana,kraken2_basic
0.02,2,2,S2,1202538,Candidatus Carsonella ruddii HC isolate Thao2000,kraken2_basic
0.02,2,2,S1,1202539,Candidatus Carsonella ruddii HT isolate Thao2000,kraken2_basic
0.01,1,1,S1,1202536,Candidatus Carsonella ruddii CE isolate Thao2000,kraken2_basic
0.01,1,1,S1,1202537,Candidatus Carsonella ruddii CS isolate Thao2000,kraken2_basic
0.01,1,1,S1,1202540,Candidatus Carsonella ruddii PC isolate NHV,kraken2_basic
0.02,2,0,G,235572,Candidatus Portiera,kraken2_basic
0.02,2,2,S,91844,Candidatus Portiera aleyrodidarum,kraken2_basic
0.01,1,0,F,2066474,Endozoicomonadaceae,kraken2_basic
0.01,1,0,G,305899,Endozoicomonas,kraken2_basic
0.01,1,0,G1,2644528,unclassified Endozoicomonas,kraken2_basic
0.01,1,1,S,2872754,Endozoicomonas sp. 4G,kraken2_basic
0.1,10,0,O,72274,Pseudomonadales,kraken2_basic
0.1,10,0,F,135621,Pseudomonadaceae,kraken2_basic
0.1,10,0,G,286,Pseudomonas,kraken2_basic
0.07,7,0,G1,196821,unclassified Pseudomonas,kraken2_basic
0.03,3,3,S,75692,Pseudomonas sp. 273,kraken2_basic
0.03,3,3,S,2892442,Pseudomonas sp. CIP-10,kraken2_basic
0.01,1,1,S,1500686,Pseudomonas sp. Os17,kraken2_basic
0.02,2,2,S,2867264,Pseudomonas phytophila,kraken2_basic
0.01,1,1,S,104087,Pseudomonas frederiksbergensis,kraken2_basic
0.06,6,0,O,2887326,Moraxellales,kraken2_basic
0.06,6,0,F,468,Moraxellaceae,kraken2_basic
0.06,6,1,G,469,Acinetobacter,kraken2_basic
0.03,3,0,G1,909768,Acinetobacter calcoaceticus/baumannii complex,kraken2_basic
0.01,1,1,S,470,Acinetobacter baumannii,kraken2_basic
0.01,1,1,S,48296,Acinetobacter pittii,kraken2_basic
0.01,1,1,S,106654,Acinetobacter nosocomialis,kraken2_basic
0.01,1,1,S,2715163,Acinetobacter lanii,kraken2_basic
0.01,1,1,S,1879050,Acinetobacter wuhouensis,kraken2_basic
0.05,5,0,O,135622,Alteromonadales,kraken2_basic
0.04,4,0,F,267888,Pseudoalteromonadaceae,kraken2_basic
0.04,4,0,G,53246,Pseudoalteromonas,kraken2_basic
0.02,2,0,G1,194690,unclassified Pseudoalteromonas,kraken2_basic
0.02,2,2,S,116092,Pseudoalteromonas sp. A25,kraken2_basic
0.01,1,0,S,28107,Pseudoalteromonas espejiana,kraken2_basic
0.01,1,1,S1,1314869,Pseudoalteromonas espejiana DSM 9414,kraken2_basic
0.01,1,1,S,166935,Pseudoalteromonas translucida,kraken2_basic
0.01,1,0,F,267890,Shewanellaceae,kraken2_basic
0.01,1,0,G,22,Shewanella,kraken2_basic
0.01,1,0,G1,196818,unclassified Shewanella,kraken2_basic
0.01,1,1,S,2575361,Shewanella sp. MEBiC00475,kraken2_basic
0.04,4,0,C1,118884,Gammaproteobacteria incertae sedis,kraken2_basic
0.03,3,0,G,204619,Candidatus Nardonella,kraken2_basic
0.01,1,1,S,1971485,Candidatus Nardonella dryophthoridicola,kraken2_basic
0.01,1,1,S,1971488,endosymbiont of Pachyrhynchus infernalis,kraken2_basic
0.01,1,1,S,1972134,endosymbiont of Sipalinus gigas,kraken2_basic
0.01,1,0,C2,32036,sulfur-oxidizing symbionts,kraken2_basic
0.01,1,0,G,1541743,Candidatus Ruthturnera,kraken2_basic
0.01,1,0,S,386487,Candidatus Ruthturnera calyptogenae,kraken2_basic
0.01,1,1,S1,413404,Candidatus Ruthia magnifica str. Cm (Calyptogena magnifica),kraken2_basic
0.04,4,0,O,135623,Vibrionales,kraken2_basic
0.04,4,0,F,641,Vibrionaceae,kraken2_basic
0.04,4,2,G,662,Vibrio,kraken2_basic
0.01,1,1,S,92172,Vibrio aerogenes,kraken2_basic
0.01,1,1,S,674,Vibrio mimicus,kraken2_basic
0.03,3,0,O,72273,Thiotrichales,kraken2_basic
0.02,2,0,F,34064,Francisellaceae,kraken2_basic
0.02,2,0,G,262,Francisella,kraken2_basic
0.01,1,1,S,549298,Francisella halioticida,kraken2_basic
0.01,1,0,S,622488,Francisella hispaniensis,kraken2_basic
0.01,1,1,S1,1088883,Francisella hispaniensis FSC454,kraken2_basic
0.01,1,0,F,135616,Piscirickettsiaceae,kraken2_basic
0.01,1,0,G,2039723,Thiomicrorhabdus,kraken2_basic
0.01,1,0,G1,2636650,unclassified Thiomicrorhabdus,kraken2_basic
0.01,1,1,S,2039724,Thiomicrorhabdus sp.,kraken2_basic
0.03,3,0,O,135625,Pasteurellales,kraken2_basic
0.03,3,0,F,712,Pasteurellaceae,kraken2_basic
0.02,2,0,G,2899790,Mergibacter,kraken2_basic
0.02,2,2,S,221402,Mergibacter septicus,kraken2_basic
0.01,1,0,G,2094023,Glaesserella,kraken2_basic
0.01,1,1,S,738,Glaesserella parasuis,kraken2_basic
0.03,3,0,O,118969,Legionellales,kraken2_basic
0.02,2,0,F,444,Legionellaceae,kraken2_basic
0.02,2,0,G,445,Legionella,kraken2_basic
0.01,1,1,S,449,Legionella hackeliae,kraken2_basic
0.01,1,1,S,2005262,Candidatus Legionella polyplacis,kraken2_basic
0.01,1,0,F,118968,Coxiellaceae,kraken2_basic
0.01,1,0,G,59195,Rickettsiella,kraken2_basic
0.01,1,1,S,676208,Candidatus Rickettsiella viridis,kraken2_basic
0.02,2,0,O,135624,Aeromonadales,kraken2_basic
0.02,2,0,F,84642,Aeromonadaceae,kraken2_basic
0.01,1,0,G,642,Aeromonas,kraken2_basic
0.01,1,1,S,196024,Aeromonas dhakensis,kraken2_basic
0.01,1,0,G,225143,Oceanisphaera,kraken2_basic
0.01,1,1,S,1416627,Oceanisphaera profunda,kraken2_basic
0.01,1,0,O,135614,Lysobacterales,kraken2_basic
0.01,1,0,F,32033,Lysobacteraceae,kraken2_basic
0.01,1,0,G,338,Xanthomonas,kraken2_basic
0.01,1,1,S,2053930,Xanthomonas prunicola,kraken2_basic
0.01,1,0,O,135613,Chromatiales,kraken2_basic
0.01,1,0,F,3067276,Sedimenticolaceae,kraken2_basic
0.01,1,0,G,349742,Sedimenticola,kraken2_basic
0.01,1,1,S,1543721,Sedimenticola thiotaurini,kraken2_basic
0.01,1,0,O,1240482,Orbales,kraken2_basic
0.01,1,0,F,1240483,Orbaceae,kraken2_basic
0.01,1,0,G,1193503,Gilliamella,kraken2_basic
0.01,1,1,S,1970738,Gilliamella apis,kraken2_basic
0.49,49,3,C,28211,Alphaproteobacteria,kraken2_basic
0.29,29,1,O,356,Hyphomicrobiales,kraken2_basic
0.23,23,0,F,82115,Rhizobiaceae,kraken2_basic
0.21,21,20,F1,227290,Rhizobium/Agrobacterium group,kraken2_basic
0.01,1,0,G,379,Rhizobium,kraken2_basic
0.01,1,0,G1,2613769,unclassified Rhizobium,kraken2_basic
0.01,1,1,S,2986922,Rhizobium sp. BT-226,kraken2_basic
0.02,2,0,G,323620,Shinella,kraken2_basic
0.02,2,0,G1,2643062,unclassified Shinella,kraken2_basic
0.02,2,2,S,3113208,Shinella sp. WSC3-e,kraken2_basic
0.03,3,0,F,772,Bartonellaceae,kraken2_basic
0.03,3,0,G,773,Bartonella,kraken2_basic
0.02,2,2,G1,2645622,unclassified Bartonella,kraken2_basic
0.01,1,1,S,38323,Bartonella henselae,kraken2_basic
0.01,1,0,F,2036754,Chelatococcaceae,kraken2_basic
0.01,1,0,G,28209,Chelatococcus,kraken2_basic
0.01,1,1,S,444444,Chelatococcus daeguensis,kraken2_basic
0.01,1,0,F,69277,Phyllobacteriaceae,kraken2_basic
0.01,1,0,G,28100,Phyllobacterium,kraken2_basic
0.01,1,1,S,1867719,Phyllobacterium zundukense,kraken2_basic
0.06,6,0,O,766,Rickettsiales,kraken2_basic
0.03,3,0,F,775,Rickettsiaceae,kraken2_basic
0.03,3,1,F1,33988,Rickettsieae,kraken2_basic
0.01,1,0,G,780,Rickettsia,kraken2_basic
0.01,1,0,G1,1129742,belli group,kraken2_basic
0.01,1,0,S,788,Rickettsia canadensis,kraken2_basic
0.01,1,1,S1,293613,Rickettsia canadensis str. McKiel,kraken2_basic
0.01,1,0,G,1522201,Candidatus Trichorickettsia,kraken2_basic
0.01,1,1,S,1346319,Candidatus Trichorickettsia mobilis,kraken2_basic
0.02,2,0,F,942,Anaplasmataceae,kraken2_basic
0.01,1,0,F1,952,Wolbachieae,kraken2_basic
0.01,1,0,G,953,Wolbachia,kraken2_basic
0.01,1,0,G1,2640676,unclassified Wolbachia,kraken2_basic
0.01,1,1,S,218111,Wolbachia endosymbiont of Corcyra cephalonica,kraken2_basic
0.01,1,0,G,2883098,Candidatus Mesenet,kraken2_basic
0.01,1,0,G1,3066220,unclassified Candidatus Mesenet,kraken2_basic
0.01,1,1,S,3066221,Candidatus Mesenet endosymbiont of Phosphuga atrata,kraken2_basic
0.01,1,0,F,1328881,Candidatus Midichloriaceae,kraken2_basic
0.01,1,0,G,2716172,Candidatus Bandiella,kraken2_basic
0.01,1,1,S,2570586,Candidatus Bandiella numerosa,kraken2_basic
0.03,3,0,O,204455,Rhodobacterales,kraken2_basic
0.02,2,0,F,2854170,Roseobacteraceae,kraken2_basic
0.02,2,0,G,53945,Octadecabacter,kraken2_basic
0.02,2,0,S,53946,Octadecabacter arcticus,kraken2_basic
0.02,2,2,S1,391616,Octadecabacter arcticus 238,kraken2_basic
0.01,1,0,F,31989,Paracoccaceae,kraken2_basic
0.01,1,0,G,265,Paracoccus,kraken2_basic
0.01,1,1,S,2065379,Paracoccus jeotgali,kraken2_basic
0.02,2,0,O,1921002,Holosporales,kraken2_basic
0.02,2,0,F,44746,Holosporaceae,kraken2_basic
0.01,1,0,F1,204454,unclassified Holosporaceae,kraken2_basic
0.01,1,1,S,86106,endosymbiont of Acanthamoeba sp. UWC8,kraken2_basic
0.01,1,0,G,2601574,Candidatus Cytomitobacter,kraken2_basic
0.01,1,1,S,2066024,Candidatus Cytomitobacter primus,kraken2_basic
0.02,2,0,O,204458,Caulobacterales,kraken2_basic
0.02,2,0,F,76892,Caulobacteraceae,kraken2_basic
0.01,1,0,G,41275,Brevundimonas,kraken2_basic
0.01,1,0,G1,2622653,unclassified Brevundimonas,kraken2_basic
0.01,1,1,S,3015997,Brevundimonas sp. NIBR10,kraken2_basic
0.01,1,0,G,76890,Asticcacaulis,kraken2_basic
0.01,1,0,G1,2628350,unclassified Asticcacaulis,kraken2_basic
0.01,1,1,S,3095608,Asticcacaulis sp. DW145,kraken2_basic
0.01,1,0,O,3119832,Candidatus Puniceispirillales,kraken2_basic
0.01,1,0,F,3119833,Candidatus Puniceispirillaceae,kraken2_basic
0.01,1,0,G,767891,Candidatus Puniceispirillum,kraken2_basic
0.01,1,0,S,767892,Candidatus Puniceispirillum marinum,kraken2_basic
0.01,1,1,S1,488538,Candidatus Puniceispirillum marinum IMCC1322,kraken2_basic
0.01,1,0,O,204441,Rhodospirillales,kraken2_basic
0.01,1,0,F,433,Acetobacteraceae,kraken2_basic
0.01,1,0,G,434,Acetobacter,kraken2_basic
0.01,1,1,S,1633874,Acetobacter oryzifermentans,kraken2_basic
0.01,1,0,O,54526,Candidatus Pelagibacterales,kraken2_basic
0.01,1,0,F,1655514,Candidatus Pelagibacteraceae,kraken2_basic
0.01,1,0,G,198251,Candidatus Pelagibacter,kraken2_basic
0.01,1,0,G1,2647897,unclassified Candidatus Pelagibacter,kraken2_basic
0.01,1,1,S,1002672,Candidatus Pelagibacter sp. IMCC9063,kraken2_basic
0.01,1,0,C1,33807,unclassified Alphaproteobacteria,kraken2_basic
0.01,1,1,S,3077944,Alphaproteobacteria bacterium endosymbiont of Tiliacea citrago,kraken2_basic
0.21,21,1,C,28216,Betaproteobacteria,kraken2_basic
0.07,7,0,O,80840,Burkholderiales,kraken2_basic
0.03,3,1,F,506,Alcaligenaceae,kraken2_basic
0.01,1,0,G,507,Alcaligenes,kraken2_basic
0.01,1,1,S,323284,Alcaligenes aquatilis,kraken2_basic
0.01,1,0,G,29574,Taylorella,kraken2_basic
0.01,1,0,S,84590,Taylorella asinigenitalis,kraken2_basic
0.01,1,1,S1,1008459,Taylorella asinigenitalis MCE3,kraken2_basic
0.03,3,0,F,75682,Oxalobacteraceae,kraken2_basic
0.02,2,0,G,884214,Candidatus Zinderia,kraken2_basic
0.02,2,0,G1,3077950,unclassified Candidatus Zinderia,kraken2_basic
0.02,2,2,S,3077951,Candidatus Zinderia endosymbiont of Aphrophora alni,kraken2_basic
0.01,1,0,G,202907,Collimonas,kraken2_basic
0.01,1,1,S,279113,Collimonas pratensis,kraken2_basic
0.01,1,0,F,119060,Burkholderiaceae,kraken2_basic
0.01,1,0,G,44013,Polynucleobacter,kraken2_basic
0.01,1,1,S,576610,Polynucleobacter necessarius,kraken2_basic
0.06,6,0,O,206351,Neisseriales,kraken2_basic
0.06,6,1,F,481,Neisseriaceae,kraken2_basic
0.03,3,0,G,482,Neisseria,kraken2_basic
0.01,1,1,S,487,Neisseria meningitidis,kraken2_basic
0.01,1,0,G1,2623750,unclassified Neisseria,kraken2_basic
0.01,1,1,S,655307,Neisseria sp. KEM232,kraken2_basic
0.01,1,1,S,1853276,Neisseria weixii,kraken2_basic
0.01,1,0,G,32257,Kingella,kraken2_basic
0.01,1,1,S,265175,Kingella potus,kraken2_basic
0.01,1,0,G,1193515,Snodgrassella,kraken2_basic
0.01,1,1,S,1196083,Snodgrassella alvi,kraken2_basic
0.05,5,0,C1,119066,Betaproteobacteria incertae sedis,kraken2_basic
0.03,3,0,G,33055,Candidatus Kinetoplastibacterium,kraken2_basic
0.02,2,2,S,1576550,Candidatus Kinetoplastibacterium sorsogonicusi,kraken2_basic
0.01,1,0,S,994692,Candidatus Kinetoplastibacterium desouzaii,kraken2_basic
0.01,1,1,S1,1208919,Candidatus Kinetoplastibacterium desouzaii TCC079E,kraken2_basic
0.02,2,0,G,1381133,Candidatus Profftella,kraken2_basic
0.02,2,2,S,669502,Candidatus Profftella armatura,kraken2_basic
0.01,1,0,O,32003,Nitrosomonadales,kraken2_basic
0.01,1,0,F,206379,Nitrosomonadaceae,kraken2_basic
0.01,1,1,G,914,Nitrosomonas,kraken2_basic
0.01,1,0,O,206389,Rhodocyclales,kraken2_basic
0.01,1,0,F,75787,Rhodocyclaceae,kraken2_basic
0.01,1,0,G,551759,Aromatoleum,kraken2_basic
0.01,1,1,S,551760,Aromatoleum aromaticum,kraken2_basic
0.87,87,0,D1,1783270,FCB group,kraken2_basic
0.87,87,0,D2,68336,Bacteroidota/Chlorobiota group,kraken2_basic
0.87,87,4,P,976,Bacteroidota,kraken2_basic
0.53,53,0,C,117743,Flavobacteriia,kraken2_basic
0.53,53,1,O,200644,Flavobacteriales,kraken2_basic
0.33,33,0,F,49546,Flavobacteriaceae,kraken2_basic
0.11,11,1,G,237,Flavobacterium,kraken2_basic
0.03,3,0,G1,196869,unclassified Flavobacterium,kraken2_basic
0.01,1,1,S,1179672,Flavobacterium sp. KBS0721,kraken2_basic
0.01,1,1,S,2986823,Flavobacterium sp. N1736,kraken2_basic
0.01,1,1,S,3031997,Flavobacterium sp. YJ01,kraken2_basic
0.02,2,2,S,2893886,Flavobacterium galactosidilyticum,kraken2_basic
0.01,1,1,S,2856519,Flavobacterium litorale,kraken2_basic
0.01,1,1,S,2518177,Flavobacterium sangjuense,kraken2_basic
0.01,1,1,S,2906076,Flavobacterium covae,kraken2_basic
0.01,1,1,S,459526,Flavobacterium anhuiense,kraken2_basic
0.01,1,1,S,3003257,Flavobacterium aestivum,kraken2_basic
0.06,6,0,G,52959,Polaribacter,kraken2_basic
0.02,2,2,S,326329,Polaribacter dokdonensis,kraken2_basic
0.02,2,0,G1,196858,unclassified Polaribacter,kraken2_basic
0.01,1,1,S,2855841,Polaribacter sp. NJDZ03,kraken2_basic
0.01,1,1,S,3077735,Polaribacter sp. HL-MS24,kraken2_basic
0.01,1,1,S,1333662,Polaribacter atrinae,kraken2_basic
0.01,1,1,S,1908341,Polaribacter litorisediminis,kraken2_basic
0.04,4,0,G,1016,Capnocytophaga,kraken2_basic
0.03,3,3,S,1017,Capnocytophaga gingivalis,kraken2_basic
0.01,1,1,S,1018,Capnocytophaga ochracea,kraken2_basic
0.02,2,0,G,76831,Myroides,kraken2_basic
0.01,1,1,S,480520,Myroides profundi,kraken2_basic
0.01,1,1,S,702745,Myroides phaeus,kraken2_basic
0.02,2,0,G,291183,Lacinutrix,kraken2_basic
0.02,2,2,S,1486034,Lacinutrix venerupis,kraken2_basic
0.01,1,0,G,1649495,Seonamhaeicola,kraken2_basic
0.01,1,0,G1,2622645,unclassified Seonamhaeicola,kraken2_basic
0.01,1,1,S,2937786,Seonamhaeicola sp. ML3,kraken2_basic
0.01,1,0,G,286104,Winogradskyella,kraken2_basic
0.01,1,0,G1,2615021,unclassified Winogradskyella,kraken2_basic
0.01,1,1,S,1936080,Winogradskyella sp. J14-2,kraken2_basic
0.01,1,0,G,252356,Maribacter,kraken2_basic
0.01,1,0,G1,2615042,unclassified Maribacter,kraken2_basic
0.01,1,1,S,2496865,Maribacter sp. MJ134,kraken2_basic
0.01,1,0,G,225842,Formosa,kraken2_basic
0.01,1,0,G1,2644710,unclassified Formosa,kraken2_basic
0.01,1,1,S,2686363,Formosa sp. L2A11,kraken2_basic
0.01,1,0,G,379068,Galbibacter,kraken2_basic
0.01,1,0,G1,2632773,unclassified Galbibacter,kraken2_basic
0.01,1,1,S,1170699,Galbibacter sp. BG1,kraken2_basic
0.01,1,0,G,1209327,Flavivirga,kraken2_basic
0.01,1,1,S,3063533,Flavivirga abyssicola,kraken2_basic
0.01,1,0,G,561555,Zhouia,kraken2_basic
0.01,1,1,S,2202721,Zhouia spongiae,kraken2_basic
0.01,1,0,G,104264,Cellulophaga,kraken2_basic
0.01,1,0,G1,2634405,unclassified Cellulophaga,kraken2_basic
0.01,1,1,S,1942464,Cellulophaga sp. HaHaR_3_176,kraken2_basic
0.13,13,0,F,2762318,Weeksellaceae,kraken2_basic
0.1,10,0,F1,2782232,Chryseobacterium group,kraken2_basic
0.07,7,2,G,59732,Chryseobacterium,kraken2_basic
0.02,2,0,G1,2593645,unclassified Chryseobacterium,kraken2_basic
0.01,1,1,S,3074145,Chryseobacterium sp. SG20098,kraken2_basic
0.01,1,1,S,2856522,Chryseobacterium sp. D764,kraken2_basic
0.01,1,1,S,2929799,Chryseobacterium oryzae,kraken2_basic
0.01,1,1,S,651561,Chryseobacterium arthrosphaerae,kraken2_basic
0.01,1,1,S,1124835,Chryseobacterium carnipullorum,kraken2_basic
0.03,3,0,G,2782231,Kaistella,kraken2_basic
0.01,1,1,S,1241979,Kaistella carnis,kraken2_basic
0.01,1,1,S,2852098,Kaistella faecalis,kraken2_basic
0.01,1,1,S,2878534,Kaistella polysaccharea,kraken2_basic
0.02,2,0,G,34084,Riemerella,kraken2_basic
0.02,2,2,S,34085,Riemerella anatipestifer,kraken2_basic
0.01,1,0,G,3088764,Marnyiella,kraken2_basic
0.01,1,1,S,2758037,Marnyiella aurantia,kraken2_basic
0.04,4,0,O1,313602,Flavobacteriales incertae sedis,kraken2_basic
0.04,4,0,G,336809,Candidatus Karelsulcia,kraken2_basic
0.04,4,3,S,336810,Candidatus Karelsulcia muelleri,kraken2_basic
0.01,1,1,S1,1189303,Candidatus Karelsulcia muelleri PSPU,kraken2_basic
0.02,2,0,F,39782,Blattabacteriaceae,kraken2_basic
0.02,2,1,G,34098,Blattabacterium,kraken2_basic
0.01,1,1,S,1653831,Blattabacterium cuenoti,kraken2_basic
0.11,11,0,C,200643,Bacteroidia,kraken2_basic
0.09,9,0,O,171549,Bacteroidales,kraken2_basic
0.05,5,0,F,171552,Prevotellaceae,kraken2_basic
0.05,5,0,G,838,Prevotella,kraken2_basic
0.04,4,4,S,28128,Prevotella corporis,kraken2_basic
0.01,1,1,S,1177574,Prevotella jejuni,kraken2_basic
0.02,2,0,F,171550,Rikenellaceae,kraken2_basic
0.02,2,0,G,1647173,Acetobacteroides,kraken2_basic
0.02,2,0,G1,1760810,environmental samples,kraken2_basic
0.02,2,2,S,1760811,uncultured Acetobacteroides sp.,kraken2_basic
0.01,1,0,F,1853231,Odoribacteraceae,kraken2_basic
0.01,1,0,G,574697,Butyricimonas,kraken2_basic
0.01,1,1,S,1472416,Butyricimonas faecihominis,kraken2_basic
0.01,1,0,F,2005525,Tannerellaceae,kraken2_basic
0.01,1,0,G,375288,Parabacteroides,kraken2_basic
0.01,1,1,S,823,Parabacteroides distasonis,kraken2_basic
0.02,2,0,O,1970189,Marinilabiliales,kraken2_basic
0.01,1,0,F,1471398,Prolixibacteraceae,kraken2_basic
0.01,1,0,G,2678352,Maribellus,kraken2_basic
0.01,1,1,S,2681766,Maribellus comscasis,kraken2_basic
0.01,1,0,F,1573805,Marinifilaceae,kraken2_basic
0.01,1,0,G,2060722,Labilibaculum,kraken2_basic
0.01,1,1,S,1717717,Labilibaculum antarcticum,kraken2_basic
0.1,10,0,C,117747,Sphingobacteriia,kraken2_basic
0.1,10,0,O,200666,Sphingobacteriales,kraken2_basic
0.1,10,0,F,84566,Sphingobacteriaceae,kraken2_basic
0.05,5,0,G,423349,Mucilaginibacter,kraken2_basic
0.04,4,4,S,2027860,Mucilaginibacter rubeus,kraken2_basic
0.01,1,1,S,398049,Mucilaginibacter daejeonensis,kraken2_basic
0.03,3,0,G,84567,Pedobacter,kraken2_basic
0.02,2,2,S,188932,Pedobacter cryoconitis,kraken2_basic
0.01,1,1,S,2895286,Pedobacter mucosus,kraken2_basic
0.02,2,1,G,28453,Sphingobacterium,kraken2_basic
0.01,1,0,G1,2609468,unclassified Sphingobacterium,kraken2_basic
0.01,1,1,S,2003121,Sphingobacterium sp. G1-14,kraken2_basic
0.05,5,0,C,1853228,Chitinophagia,kraken2_basic
0.05,5,0,O,1853229,Chitinophagales,kraken2_basic
0.05,5,0,F,563835,Chitinophagaceae,kraken2_basic
0.02,2,0,G,1769012,Arachidicoccus,kraken2_basic
0.01,1,1,S,496057,Arachidicoccus ginsenosidivorans,kraken2_basic
0.01,1,1,S,2341117,Arachidicoccus soli,kraken2_basic
0.01,1,0,G,79328,Chitinophaga,kraken2_basic
0.01,1,1,S,2725414,Chitinophaga oryzae,kraken2_basic
0.01,1,0,G,1874621,Panacibacter,kraken2_basic
0.01,1,1,S,1813871,Panacibacter ginsenosidivorans,kraken2_basic
0.01,1,0,G,2812019,Pseudocnuella,kraken2_basic
0.01,1,1,S,2502779,Pseudocnuella soli,kraken2_basic
0.04,4,0,C,768503,Cytophagia,kraken2_basic
0.04,4,0,O,768507,Cytophagales,kraken2_basic
0.02,2,0,F,2896860,Spirosomataceae,kraken2_basic
0.02,2,0,G,120831,Dyadobacter,kraken2_basic
0.02,2,0,G1,2625061,unclassified Dyadobacter,kraken2_basic
0.02,2,2,S,2861765,Dyadobacter sp. NIV53,kraken2_basic
0.01,1,0,F,200667,Flammeovirgaceae,kraken2_basic
0.01,1,0,G,59739,Flammeovirga,kraken2_basic
0.01,1,1,S,373891,Flammeovirga kamogawensis,kraken2_basic
0.01,1,0,F,2762286,Fulvivirgaceae,kraken2_basic
0.01,1,0,G,396811,Fulvivirga,kraken2_basic
0.01,1,1,S,2904245,Fulvivirga ulvae,kraken2_basic
0.24,24,0,P,29547,Campylobacterota,kraken2_basic
0.24,24,0,C,3031852,Epsilonproteobacteria,kraken2_basic
0.21,21,0,O,213849,Campylobacterales,kraken2_basic
0.09,9,1,F,2808963,Arcobacteraceae,kraken2_basic
0.04,4,0,G,28196,Arcobacter,kraken2_basic
0.01,1,0,S,28199,Arcobacter nitrofigilis,kraken2_basic
0.01,1,1,S1,572480,Arcobacter nitrofigilis DSM 7299,kraken2_basic
0.01,1,1,S,873191,Arcobacter defluvii,kraken2_basic
0.01,1,1,S,1054034,Arcobacter cloacae,kraken2_basic
0.01,1,0,S,1278212,Arcobacter suis,kraken2_basic
0.01,1,1,S1,663365,Arcobacter suis CECT 7833,kraken2_basic
0.02,2,0,G,2321115,Halarcobacter,kraken2_basic
0.02,2,0,G1,2622948,unclassified Halarcobacter,kraken2_basic
0.02,2,2,S,2321133,Halarcobacter sp.,kraken2_basic
0.01,1,0,G,2321114,Malaciobacter,kraken2_basic
0.01,1,0,S,603050,Malaciobacter mytili,kraken2_basic
0.01,1,1,S1,1032238,Malaciobacter mytili LMG 24559,kraken2_basic
0.01,1,0,G,2321187,Poseidonibacter,kraken2_basic
0.01,1,1,S,1850254,Poseidonibacter parvus,kraken2_basic
0.08,8,0,F,72294,Campylobacteraceae,kraken2_basic
0.08,8,1,G,194,Campylobacter,kraken2_basic
0.01,1,1,S,195,Campylobacter coli,kraken2_basic
0.01,1,1,S,197,Campylobacter jejuni,kraken2_basic
0.01,1,1,S,199,Campylobacter concisus,kraken2_basic
0.01,1,1,S,2561898,Candidatus Campylobacter infans,kraken2_basic
0.01,1,0,S,201,Campylobacter lari,kraken2_basic
0.01,1,1,S1,1388749,Campylobacter lari NCTC 11845,kraken2_basic
0.01,1,1,S,2267891,Campylobacter novaezeelandiae,kraken2_basic
0.01,1,1,S,449520,Campylobacter canadensis,kraken2_basic
0.04,4,0,F,72293,Helicobacteraceae,kraken2_basic
0.04,4,0,G,209,Helicobacter,kraken2_basic
0.01,1,1,S,210,Helicobacter pylori,kraken2_basic
0.01,1,1,S,213,Helicobacter cinaedi,kraken2_basic
0.01,1,1,S,135569,Helicobacter apodemus,kraken2_basic
0.01,1,1,S,45498,Helicobacter cholecystus,kraken2_basic
0.03,3,0,O,235899,Nautiliales,kraken2_basic
0.02,2,0,F,2795691,Nitratiruptoraceae,kraken2_basic
0.01,1,0,G,269258,Nitratiruptor,kraken2_basic
0.01,1,1,G1,2624044,unclassified Nitratiruptor,kraken2_basic
0.01,1,0,G,2795692,Nitrosophilus,kraken2_basic
0.01,1,1,S,2930200,Nitrosophilus kaiyonis,kraken2_basic
0.01,1,0,F,224467,Nautiliaceae,kraken2_basic
0.01,1,0,G,191291,Nautilia,kraken2_basic
0.01,1,0,S,244787,Nautilia profundicola,kraken2_basic
0.01,1,1,S1,598659,Nautilia profundicola AmH,kraken2_basic
0.21,21,0,P,32066,Fusobacteriota,kraken2_basic
0.21,21,0,C,203490,Fusobacteriia,kraken2_basic
0.21,21,0,O,203491,Fusobacteriales,kraken2_basic
0.12,12,0,F,203492,Fusobacteriaceae,kraken2_basic
0.08,8,0,G,848,Fusobacterium,kraken2_basic
0.03,3,3,S,76857,Fusobacterium polymorphum,kraken2_basic
0.02,2,0,S,861,Fusobacterium ulcerans,kraken2_basic
0.02,2,2,S1,469617,Fusobacterium ulcerans ATCC 49185,kraken2_basic
0.02,2,2,S,76859,Fusobacterium animalis,kraken2_basic
0.01,1,1,S,851,Fusobacterium nucleatum,kraken2_basic
0.03,3,0,G,180162,Cetobacterium,kraken2_basic
0.03,3,3,S,188913,Cetobacterium somerae,kraken2_basic
0.01,1,0,G,167639,Ilyobacter,kraken2_basic
0.01,1,0,G1,544432,environmental samples,kraken2_basic
0.01,1,1,S,544433,uncultured Ilyobacter sp.,kraken2_basic
0.08,8,0,F,1129771,Leptotrichiaceae,kraken2_basic
0.05,5,1,G,32067,Leptotrichia,kraken2_basic
0.03,3,0,G1,2633022,unclassified Leptotrichia,kraken2_basic
0.01,1,1,S,712357,Leptotrichia sp. oral taxon 212,kraken2_basic
0.01,1,1,S,712361,Leptotrichia sp. oral taxon 218,kraken2_basic
0.01,1,1,S,712362,Leptotrichia sp. oral taxon 221,kraken2_basic
0.01,1,1,S,157687,Leptotrichia wadei,kraken2_basic
0.02,2,0,G,2755140,Pseudoleptotrichia,kraken2_basic
0.02,2,2,S,157692,Pseudoleptotrichia goodfellowii,kraken2_basic
0.01,1,0,G,32068,Sebaldella,kraken2_basic
0.01,1,0,S,826,Sebaldella termitidis,kraken2_basic
0.01,1,1,S1,526218,Sebaldella termitidis ATCC 33386,kraken2_basic
0.01,1,0,F,3072461,Haliovirgaceae,kraken2_basic
0.01,1,0,G,3072462,Haliovirga,kraken2_basic
0.01,1,1,S,2996794,Haliovirga abyssi,kraken2_basic
0.13,13,0,P,203691,Spirochaetota,kraken2_basic
0.13,13,0,C,203692,Spirochaetia,kraken2_basic
0.09,9,0,O,136,Spirochaetales,kraken2_basic
0.05,5,0,F,1643685,Borreliaceae,kraken2_basic
0.04,4,0,G,64895,Borreliella,kraken2_basic
0.01,1,0,S,139,Borreliella burgdorferi,kraken2_basic
0.01,1,1,S1,521007,Borreliella burgdorferi N40,kraken2_basic
0.01,1,1,S,42109,Borreliella andersonii,kraken2_basic
0.01,1,1,S,62088,Borreliella valaisiana,kraken2_basic
0.01,1,1,S,88916,Borreliella spielmanii,kraken2_basic
0.01,1,0,G,138,Borrelia,kraken2_basic
0.01,1,1,S,47466,Borrelia miyamotoi,kraken2_basic
0.04,4,0,F,2845253,Treponemataceae,kraken2_basic
0.04,4,0,G,157,Treponema,kraken2_basic
0.02,2,2,S,138851,Treponema parvum,kraken2_basic
0.01,1,1,S,162,Treponema phagedenis,kraken2_basic
0.01,1,1,S,221027,Treponema putidum,kraken2_basic
0.04,4,0,O,1643686,Brachyspirales,kraken2_basic
0.04,4,0,F,143786,Brachyspiraceae,kraken2_basic
0.04,4,0,G,29521,Brachyspira,kraken2_basic
0.02,2,2,S,1287055,Brachyspira hampsonii,kraken2_basic
0.01,1,1,S,159,Brachyspira hyodysenteriae,kraken2_basic
0.01,1,1,S,52584,Brachyspira pilosicoli,kraken2_basic
0.03,3,0,P,200918,Thermotogota,kraken2_basic
0.03,3,0,C,188708,Thermotogae,kraken2_basic
0.02,2,0,O,1643947,Petrotogales,kraken2_basic
0.02,2,0,F,1643949,Petrotogaceae,kraken2_basic
0.01,1,0,G,1255275,Oceanotoga,kraken2_basic
0.01,1,0,G1,2618448,unclassified Oceanotoga,kraken2_basic
0.01,1,1,S,2984951,Oceanotoga sp. DSM 15011,kraken2_basic
0.01,1,0,G,2778400,Tepiditoga,kraken2_basic
0.01,1,1,S,2108365,Tepiditoga spiralis,kraken2_basic
0.01,1,0,O,2419,Thermotogales,kraken2_basic
0.01,1,0,F,1643950,Fervidobacteriaceae,kraken2_basic
0.01,1,0,G,2422,Fervidobacterium,kraken2_basic
0.01,1,1,S,93466,Fervidobacterium pennivorans,kraken2_basic
0.02,2,0,P,3018035,Bdellovibrionota,kraken2_basic
0.01,1,0,C,3031418,Bdellovibrionia,kraken2_basic
0.01,1,0,O,213481,Bdellovibrionales,kraken2_basic
0.01,1,0,F,213483,Pseudobdellovibrionaceae,kraken2_basic
0.01,1,0,G,958,Bdellovibrio,kraken2_basic
0.01,1,0,G1,2633795,unclassified Bdellovibrio,kraken2_basic
0.01,1,1,S,2748865,Bdellovibrio sp. KM01,kraken2_basic
0.01,1,0,C,3031419,Bacteriovoracia,kraken2_basic
0.01,1,0,O,2024979,Bacteriovoracales,kraken2_basic
0.01,1,0,F,263369,Bacteriovoracaceae,kraken2_basic
0.01,1,0,G,263370,Peredibacter,kraken2_basic
0.01,1,1,S,28202,Peredibacter starrii,kraken2_basic
0.01,1,0,D1,68525,delta/epsilon subdivisions,kraken2_basic
0.01,1,0,C,28221,Deltaproteobacteria,kraken2_basic
0.01,1,0,O,1779134,Bradymonadales,kraken2_basic
0.01,1,0,F,1779135,Bradymonadaceae,kraken2_basic
0.01,1,0,G,1779136,Bradymonas,kraken2_basic
0.01,1,1,S,1548548,Bradymonas sediminis,kraken2_basic
0.01,1,0,D1,1783257,PVC group,kraken2_basic
0.01,1,0,P,74201,Verrucomicrobiota,kraken2_basic
0.01,1,0,C,1955630,Methylacidiphilae,kraken2_basic
0.01,1,0,O,717963,Methylacidiphilales,kraken2_basic
0.01,1,0,F,717964,Methylacidiphilaceae,kraken2_basic
0.01,1,0,G,511745,Methylacidiphilum (ex Ratnadevi et al. 2023),kraken2_basic
0.01,1,0,S,431057,Methylacidiphilum kamchatkense,kraken2_basic
0.01,1,1,S1,1202785,Methylacidiphilum kamchatkense Kam1,kraken2_basic
0.01,1,0,P,2818505,Myxococcota,kraken2_basic
0.01,1,0,P1,3031711,Polyangia,kraken2_basic
0.01,1,0,O,3031712,Polyangiales,kraken2_basic
0.01,1,0,F,49,Polyangiaceae,kraken2_basic
0.01,1,0,G,39643,Sorangium,kraken2_basic
0.01,1,1,S,56,Sorangium cellulosum,kraken2_basic
0.15,15,1,,2157,Archaea,kraken2_basic
0.09,9,0,P,28890,Euryarchaeota,kraken2_basic
0.08,8,0,P1,2290931,Stenosarchaea group,kraken2_basic
0.04,4,0,C,183963,Halobacteria,kraken2_basic
0.04,4,0,O,2235,Halobacteriales,kraken2_basic
0.04,4,0,F,1644061,Natrialbaceae,kraken2_basic
0.02,2,0,G,88723,Natrinema,kraken2_basic
0.02,2,0,G1,2622230,unclassified Natrinema,kraken2_basic
0.01,1,1,S,2871694,Natrinema sp. SYSU A 869,kraken2_basic
0.01,1,1,S,2878680,Natrinema sp. DC36,kraken2_basic
0.01,1,0,G,3076685,Natronosalvus,kraken2_basic
0.01,1,1,S,2953753,Natronosalvus rutilus,kraken2_basic
0.01,1,0,G,332951,Halovivax,kraken2_basic
0.01,1,0,S,387341,Halovivax ruber,kraken2_basic
0.01,1,1,S1,797302,Halovivax ruber XH-70,kraken2_basic
0.04,4,0,C,224756,Methanomicrobia,kraken2_basic
0.02,2,0,O,2191,Methanomicrobiales,kraken2_basic
0.02,2,0,F,2194,Methanomicrobiaceae,kraken2_basic
0.01,1,0,G,2314,Methanoplanus,kraken2_basic
0.01,1,0,G1,2609416,unclassified Methanoplanus,kraken2_basic
0.01,1,1,S,2609417,Methanoplanus sp. FWC-SCC4,kraken2_basic
0.01,1,0,G,81416,Methanofollis,kraken2_basic
0.01,1,1,S,126734,Methanofollis aquaemaris,kraken2_basic
0.01,1,0,O,94695,Methanosarcinales,kraken2_basic
0.01,1,0,F,2206,Methanosarcinaceae,kraken2_basic
0.01,1,0,G,2207,Methanosarcina,kraken2_basic
0.01,1,1,S,2209,Methanosarcina mazei,kraken2_basic
0.01,1,0,O,2905377,Methanotrichales,kraken2_basic
0.01,1,0,F,143067,Methanotrichaceae,kraken2_basic
0.01,1,0,G,2222,Methanothrix,kraken2_basic
0.01,1,0,S,2223,Methanothrix soehngenii,kraken2_basic
0.01,1,1,S1,990316,Methanothrix soehngenii GP6,kraken2_basic
0.01,1,0,P1,2283794,Methanomada group,kraken2_basic
0.01,1,0,C,183925,Methanobacteria,kraken2_basic
0.01,1,0,O,2158,Methanobacteriales,kraken2_basic
0.01,1,0,F,2159,Methanobacteriaceae,kraken2_basic
0.01,1,0,G,2172,Methanobrevibacter,kraken2_basic
0.01,1,0,S,83816,Methanobrevibacter ruminantium,kraken2_basic
0.01,1,1,S1,634498,Methanobrevibacter ruminantium M1,kraken2_basic
0.03,3,0,D1,1783275,TACK group,kraken2_basic
0.02,2,0,P,28889,Thermoproteota,kraken2_basic
0.02,2,0,C,183924,Thermoprotei,kraken2_basic
0.01,1,0,O,2266,Thermoproteales,kraken2_basic
0.01,1,0,F,2267,Thermoproteaceae,kraken2_basic
0.01,1,0,G,2276,Pyrobaculum,kraken2_basic
0.01,1,0,S,13773,Pyrobaculum aerophilum,kraken2_basic
0.01,1,1,S1,178306,Pyrobaculum aerophilum str. IM2,kraken2_basic
0.01,1,0,O,2281,Sulfolobales,kraken2_basic
0.01,1,0,F,118883,Sulfolobaceae,kraken2_basic
0.01,1,0,G,2284,Sulfolobus,kraken2_basic
0.01,1,0,G1,2641160,unclassified Sulfolobus,kraken2_basic
0.01,1,1,S,1891280,Sulfolobus sp. A20,kraken2_basic
0.01,1,0,P,651137,Nitrososphaerota,kraken2_basic
0.01,1,0,C,1643678,Nitrososphaeria,kraken2_basic
0.01,1,0,O,1033996,Nitrososphaerales,kraken2_basic
0.01,1,0,F,1033997,Nitrososphaeraceae,kraken2_basic
0.01,1,0,G,1826864,Candidatus Nitrosocosmicus,kraken2_basic
0.01,1,1,S,1353260,Candidatus Nitrosocosmicus oleophilus,kraken2_basic
0.02,2,0,P,2283796,Candidatus Thermoplasmatota,kraken2_basic
0.02,2,0,C,183967,Thermoplasmata,kraken2_basic
0.01,1,0,O,2301,Thermoplasmatales,kraken2_basic
0.01,1,0,F,90142,Ferroplasmaceae,kraken2_basic
0.01,1,0,G,74968,Ferroplasma,kraken2_basic
0.01,1,1,S,74969,Ferroplasma acidiphilum,kraken2_basic
0.01,1,0,O,1235850,Methanomassiliicoccales,kraken2_basic
0.01,1,0,F,1577788,Methanomassiliicoccaceae,kraken2_basic
0.01,1,0,G,1080709,Methanomassiliicoccus,kraken2_basic
0.01,1,1,S,1406512,Candidatus Methanomassiliicoccus intestinalis,kraken2_basic
0.5,50,1,,10239,Viruses,kraken2_basic
0.16,16,0,,2840056,Naldaviricetes,kraken2_basic
0.16,16,0,O,2840070,Lefavirales,kraken2_basic
0.12,12,0,F,10442,Baculoviridae,kraken2_basic
0.07,7,1,G,558016,Alphabaculovirus,kraken2_basic
0.04,4,0,S,3051421,Alphabaculovirus peluscae,kraken2_basic
0.04,4,0,S1,2560642,Perigonia lusca nucleopolyhedrovirus,kraken2_basic
0.04,4,4,S2,1675865,Perigonia lusca single nucleopolyhedrovirus,kraken2_basic
0.01,1,0,S,3047947,Alphabaculovirus helarmigerae,kraken2_basic
0.01,1,1,S1,51313,Helicoverpa armigera nucleopolyhedrovirus,kraken2_basic
0.01,1,0,S,3051417,Alphabaculovirus heleucae,kraken2_basic
0.01,1,0,S1,2560521,Hemileuca species nucleopolyhedrovirus,kraken2_basic
0.01,1,1,S2,1367203,Hemileuca sp. nucleopolyhedrovirus,kraken2_basic
0.04,4,0,G,558017,Betabaculovirus,kraken2_basic
0.04,4,0,S,3051997,Betabaculovirus chofumiferanae,kraken2_basic
0.04,4,4,S1,56947,Choristoneura fumiferana granulovirus,kraken2_basic
0.01,1,0,G,558019,Deltabaculovirus,kraken2_basic
0.01,1,0,S,3047782,Deltabaculovirus cunigripalpi,kraken2_basic
0.01,1,1,S1,130556,Culex nigripalpus nucleopolyhedrovirus,kraken2_basic
0.04,4,0,F,1511852,Nudiviridae,kraken2_basic
0.04,4,0,G,1511853,Alphanudivirus,kraken2_basic
0.03,3,0,S,3048239,Alphanudivirus oryrhinocerotis,kraken2_basic
0.03,3,3,S1,92521,Oryctes rhinoceros nudivirus,kraken2_basic
0.01,1,0,S,3051617,Alphanudivirus quartudromelanogasteris,kraken2_basic
0.01,1,1,S1,2486603,Mauternbach virus,kraken2_basic
0.1,10,0,1,12429,unclassified viruses,kraken2_basic
0.07,7,0,D2,2204151,unclassified DNA viruses,kraken2_basic
0.07,7,0,D3,51368,unclassified dsDNA viruses,kraken2_basic
0.07,7,0,G,2060084,Pandoravirus,kraken2_basic
0.04,4,4,S,1349410,Pandoravirus salinus,kraken2_basic
0.02,2,2,S,2107708,Pandoravirus neocaledonia,kraken2_basic
0.01,1,1,S,2107709,Pandoravirus quercus,kraken2_basic
0.02,2,2,S,159252,Planaria asexual strain-specific virus-like element type 1,kraken2_basic
0.01,1,1,S,1678078,Mollivirus sibericum,kraken2_basic
0.07,7,0,1,2731341,Duplodnaviria,kraken2_basic
0.07,7,0,K,2731360,Heunggongvirae,kraken2_basic
0.04,4,0,P,2731361,Peploviricota,kraken2_basic
0.04,4,0,C,2731363,Herviviricetes,kraken2_basic
0.04,4,0,O,548681,Herpesvirales,kraken2_basic
0.04,4,0,F,3044472,Orthoherpesviridae,kraken2_basic
0.03,3,0,F1,10357,Betaherpesvirinae,kraken2_basic
0.01,1,0,G,10358,Cytomegalovirus,kraken2_basic
0.01,1,0,S,3050258,Cytomegalovirus cercopithecinebeta5,kraken2_basic
0.01,1,1,S1,50292,Cercopithecine betaherpesvirus 5,kraken2_basic
0.01,1,0,G,40272,Roseolovirus,kraken2_basic
0.01,1,0,S,3050296,Roseolovirus humanbeta6a,kraken2_basic
0.01,1,1,S1,32603,Human betaherpesvirus 6A,kraken2_basic
0.01,1,0,G,548689,Proboscivirus,kraken2_basic
0.01,1,0,S,3050273,Proboscivirus elephantidbeta1,kraken2_basic
0.01,1,1,S1,146015,Elephantid betaherpesvirus 1,kraken2_basic
0.01,1,0,F1,10374,Gammaherpesvirinae,kraken2_basic
0.01,1,0,G,2842564,Bossavirus,kraken2_basic
0.01,1,0,S,3050272,Bossavirus delphinidgamma1,kraken2_basic
0.01,1,0,S1,1981153,Delphinid gammaherpesvirus 1,kraken2_basic
0.01,1,1,S2,2022783,Common bottlenose dolphin gammaherpesvirus 1 strain Sarasota,kraken2_basic
0.03,3,0,P,2731618,Uroviricota,kraken2_basic
0.03,3,0,C,2731619,Caudoviricetes,kraken2_basic
0.01,1,0,F,2946170,Straboviridae,kraken2_basic
0.01,1,0,F1,1198136,Tevenvirinae,kraken2_basic
0.01,1,0,G,2948828,Mosugukvirus,kraken2_basic
0.01,1,0,S,2956206,Mosugukvirus pm2,kraken2_basic
0.01,1,1,S1,1429794,Pectobacterium bacteriophage PM2,kraken2_basic
0.01,1,0,F,2560065,Herelleviridae,kraken2_basic
0.01,1,0,F1,2560081,Twortvirinae,kraken2_basic
0.01,1,1,G,2732969,Baoshanvirus,kraken2_basic
0.01,1,0,F,2731643,Autographiviridae,kraken2_basic
0.01,1,0,G,2731939,Foussvirus,kraken2_basic
0.01,1,0,S,2733906,Foussvirus S46C10,kraken2_basic
0.01,1,1,S1,2741074,uncultured phage MedDCM-OCT-S46-C10,kraken2_basic
0.06,6,0,1,2559587,Riboviria,kraken2_basic
0.06,6,0,K,2732396,Orthornavirae,kraken2_basic
0.05,5,0,P,2497569,Negarnaviricota,kraken2_basic
0.03,3,0,P1,2497570,Haploviricotina,kraken2_basic
0.03,3,0,C,2497574,Monjiviricetes,kraken2_basic
0.03,3,0,O,11157,Mononegavirales,kraken2_basic
0.02,2,0,F,11270,Rhabdoviridae,kraken2_basic
0.02,2,0,F1,2842408,Betarhabdovirinae,kraken2_basic
0.02,2,0,G,11305,Cytorhabdovirus,kraken2_basic
0.02,2,0,S,2846679,Cytorhabdovirus yerbamate,kraken2_basic
0.02,2,2,S1,2713499,Yerba mate virus A,kraken2_basic
0.01,1,0,F,11244,Pneumoviridae,kraken2_basic
0.01,1,0,G,1868215,Orthopneumovirus,kraken2_basic
0.01,1,0,S,3050329,Orthopneumovirus muris,kraken2_basic
0.01,1,1,S1,11263,murine pneumonia virus,kraken2_basic
0.02,2,0,P1,2497571,Polyploviricotina,kraken2_basic
0.02,2,0,C,2497576,Ellioviricetes,kraken2_basic
0.02,2,0,O,1980410,Bunyavirales,kraken2_basic
0.01,1,0,F,11617,Arenaviridae,kraken2_basic
0.01,1,0,G,1653394,Mammarenavirus,kraken2_basic
0.01,1,1,S,3052326,Mammarenavirus ryukyuense,kraken2_basic
0.01,1,0,F,1980419,Tospoviridae,kraken2_basic
0.01,1,0,G,2560196,Orthotospovirus,kraken2_basic
0.01,1,0,S,3052577,Orthotospovirus iridimaculaflavi,kraken2_basic
0.01,1,1,S1,60456,Iris yellow spot virus,kraken2_basic
0.01,1,0,P,2732406,Kitrinoviricota,kraken2_basic
0.01,1,0,C,2732461,Alsuviricetes,kraken2_basic
0.01,1,0,O,2732544,Martellivirales,kraken2_basic
0.01,1,0,F,39740,Bromoviridae,kraken2_basic
0.01,1,0,G,12304,Cucumovirus,kraken2_basic
0.01,1,1,S,12315,Tomato aspermy virus,kraken2_basic
0.05,5,0,1,2732004,Varidnaviria,kraken2_basic
0.05,5,0,K,2732005,Bamfordvirae,kraken2_basic
0.04,4,0,P,2732007,Nucleocytoviricota,kraken2_basic
0.03,3,0,C,2732525,Pokkesviricetes,kraken2_basic
0.03,3,0,O,2732527,Chitovirales,kraken2_basic
0.03,3,0,F,10240,Poxviridae,kraken2_basic
0.02,2,0,F1,10284,Entomopoxvirinae,kraken2_basic
0.01,1,0,G,10286,Betaentomopoxvirus,kraken2_basic
0.01,1,0,S,1993630,Betaentomopoxvirus ahonmai,kraken2_basic
0.01,1,1,S1,1293540,Adoxophyes honmai entomopoxvirus 'L',kraken2_basic
0.01,1,0,G,62098,Alphaentomopoxvirus,kraken2_basic
0.01,1,1,S,62099,Alphaentomopoxvirus acuprea,kraken2_basic
0.01,1,0,F1,10241,Chordopoxvirinae,kraken2_basic
0.01,1,0,G,573055,Cervidpoxvirus,kraken2_basic
0.01,1,0,S,304399,Mule deerpox virus,kraken2_basic
0.01,1,1,S1,305674,Deerpox virus W-848-83,kraken2_basic
0.01,1,0,C,2732523,Megaviricetes,kraken2_basic
0.01,1,0,O,2732554,Imitervirales,kraken2_basic
0.01,1,0,F,549779,Mimiviridae,kraken2_basic
0.01,1,0,F1,3044648,Megamimivirinae,kraken2_basic
0.01,1,0,G,3080801,Moumouvirus,kraken2_basic
0.01,1,0,S,3080760,Moumouvirus goulettemassiliense,kraken2_basic
0.01,1,1,S1,1247379,Moumouvirus goulette,kraken2_basic
0.01,1,0,P,2732008,Preplasmiviricota,kraken2_basic
0.01,1,0,C,2732528,Maveriviricetes,kraken2_basic
0.01,1,0,O,2732556,Priklausovirales,kraken2_basic
0.01,1,0,F,1914302,Lavidaviridae,kraken2_basic
0.01,1,0,G,1932924,Sputnikvirus,kraken2_basic
0.01,1,0,S,1932927,Mimivirus-dependent virus Sputnik,kraken2_basic
0.01,1,1,S1,543939,Sputnik virophage,kraken2_basic
0.03,3,0,,2946196,Polydnaviriformidae,kraken2_basic
0.03,3,0,G,2948762,Ichnoviriform,kraken2_basic
0.03,3,3,S,419435,Ichnoviriform fumiferanae,kraken2_basic
0.02,2,0,1,2731342,Monodnaviria,kraken2_basic
0.02,2,0,K,2732092,Shotokuvirae,kraken2_basic
0.02,2,0,P,2732415,Cossaviricota,kraken2_basic
0.02,2,0,C,2732421,Papovaviricetes,kraken2_basic
0.01,1,0,O,2732532,Sepolyvirales,kraken2_basic
0.01,1,0,F,151341,Polyomaviridae,kraken2_basic
0.01,1,0,G,1891716,Gammapolyomavirus,kraken2_basic
0.01,1,0,S,1891750,Gammapolyomavirus padeliae,kraken2_basic
0.01,1,1,S1,1590650,Adelie penguin polyomavirus,kraken2_basic
0.01,1,0,O,2732533,Zurhausenvirales,kraken2_basic
0.01,1,0,F,151340,Papillomaviridae,kraken2_basic
0.01,1,0,F1,2169595,Firstpapillomavirinae,kraken2_basic
0.01,1,0,G,333750,Alphapapillomavirus,kraken2_basic
0.01,1,0,S,931244,Alphapapillomavirus 14,kraken2_basic
0.01,1,1,S1,120686,human papillomavirus 71,kraken2_basic
